FirstName,LastName,Address,City,State,PostalCode
Patrick,Wedge,151 Fir Drive,Bangor,AK,10136
Pia,Westermann,221 Mahogany Dr,San Antonio,ND,10218
Greg,Yvkoff,791 Beech Terrace,Toledo,MT,10367
Lee,Chia,79 Beech Rd,Houston,ND,10537
Joseph,Matthews,895 Gum Bay,Evansville,OK,10826
James,Van Eaton,742 Madrone St,Rockford,IN,11374
Humberto,Acevedo,421 Hawthorn Ct,Tucson,MA,11491
Anette,Grohsmüller,956 Cypress Ln,Denver,AL,12097
David,Hodgson,292 Maple Terrace,Youngstown,WY,12642
Jim,Wickham,547 Gum Ave,St. Louis,VT,12864
Paulo,Lisboa,855 Beech Bay,Gainesville,NM,12999
Ty,Carlson,760 Willow Ave,Chattanooga,SC,13291
Amy,Recker,566 Yucca Ct,Montgomery,LA,13322
Jane,Clayton,262 Hemlock Street,Shreveport,NE,13365
Kevin,Liu,513 Palo Verde Rd,San Juan,FL,13371
George,Jiang,26 Oak Rd,Peoria,AL,13542
Paula,Nartker,686 Teak Bay,Tucson,HI,13714
Alex,Nayberg,257 Sycamore Bend,Seattle,FL,14112
Claus,Juhl,645 Hazel Way,Hartford,MT,14355
Rebecca,Laszlo,679 Oak Ct,El Paso,NV,15523
Mark,Harrington,320 Madrone Ave,Savannah,NJ,15763
Alan,Brewer,153 Box St,Asheville,GA,15906
Patricia,San Juan,566 Sycamore Bay,Boise,KY,15987
Tim,Sneath,782 Linden Rd,Boise,GA,16002
Pieter,Uittenbogaard,111 Mahogany Road,Rock Island,DE,18582
Tony,Allen,736 Acacia Terrace,Nassau,FL,18689
Debra,Core,633 Buckeye Street,Indianapolis,IA,18773
Bob,Hohman,521 Sequoia Avenue,Lancaster,IL,19481
Claudia,Mangel,909 Sumac Loop,San Bernardino,OH,20435
Kimberly,Zimmerman,111 Conifer Circle,Boston,SD,21947
Andre,Ludick,459 Buckeye Ct,Long Beach,NH,23084
Daniel,Goldschmidt,782 Mahogany Rd,Somerset,MD,23452
Brian,Groth,550 Bay Loop,Austin,UT,23492
Vamsi,Kuppa,804 Juniper Bay,Madison,AK,23896
Matej,Potokar,299 Redwood Rd,Richmond,LA,24892
Eric,Gruber,425 Cypress Dr,Wichita,MO,25162
Fabricio,Noriega,192 Bay Dr,Lincoln,ID,25448
TiAnna,Jones,704 Yucca Blvd,San Diego,IN,25721
Jim,Ptaszynski,448 Acacia Ave,El Paso,NE,25723
Stig,Panduro,675 Pepperwood Drive,Little Rock,OH,25833
Lee,Oliver,666 Redbud Way,Paterson,DC,26007
Lori,Penor,964 Larch Cove,Reading,WV,26010
Oliver,Cox,448 Gum Loop,Lincoln,ID,26106
Nuno,Bento,97 Cypress Drive,Richmond,SD,26967
Phil,Gibbins,801 Bay St,Youngstown,RI,27045
Holly,Dickson,559 Larch Way,Boston,HI,28020
Raquel,Mello,110 Boxwood Drive,Binghamton,MO,28412
Jimmy,Bischoff,580 Oak Avenue,Tacoma,MA,29202
Rodrigo,Ready,12 Hawthorn Street,Williamsport,CO,29580
Bob,Gage,261 Fir Way,Tacoma,ND,30030
Miguel,Garcia,706 Pepperwood Dr,Fort Worth,VA,30145
Peter,Svensk,757 Larch Dr,Palm Beach,NH,30617
David,Bradley,790 Aspen Ave,Louisville,TX,30937
Barry,Johnson,252 Madrone Court,Mobile,MS,32968
Larry,Zhang,880 Sumac St,Huntsville,WA,34492
Garth,Fort,499 Sumac Bay,Reno,ID,34657
Garth,Fort,,Reno,ID,34657
Stephen,Mew,253 Aspen Lane,Pasadena,NY,34841
Michael,Moore,286 Larch Court,Wilmington,NY,34881
Karan,Khanna,756 Hickory Street,Bloomington,SC,35000
David,Pelton,45 Mesquite Blvd,Mansfield,TN,35330
Dave,Ryan,745 Buckeye Boulevard,El Paso,VT,35400
Paul,Komosinski,756 Conifer Terrace,Wilmington,RI,36584
Gabe,Mares,233 Pepperwood St,Rochester,TN,37002
Gail,Erickson,252 Birch Avenue,Dallas,RI,37072
Brian,Johnson,687 Hazel Rd,Utica,MN,37379
Brian,LaMee,816 Sycamore St,Roanoke,GA,37684
Marie,Reinhart,108 Redwood Ct,Long Beach,NC,37714
Michael,Vanderhyde,23 Ash Loop,Nashville,RI,38317
Melanie,Speckmann,648 Palm Court,Waterloo,KY,38831
Alex,Hankin,971 Madrone Ln,Los Angeles,OR,38996
Maurice,Taylor,899 Mesquite Ave,Portsmouth,NJ,39421
Lene,Rathkjen,595 Hazel Court,Louisville,WV,39719
David,Ortiz,289 Wattle Ct,Santa Ana,TX,39815
David,Johnson,263 Cypress Lane,Monmouth,WV,41190
Stuart,Railson,992 Gum Way,Springfield,LA,41240
Karen,Berge,414 Rosewood Boulevard,Green Bay,CO,41552
Helge,Hoeing,47 Buckeye Way,Stockton,WI,42976
Thomas,Andersen,18 Fir Blvd,Scranton,MA,43666
James,Kramer,520 Juniper Way,Wilmington,DE,43777
Jay,Jamison,482 Palmetto Dr,Akron,CO,44309
Shai,Bassli,877 Aspen Boulevard,Burlington,WY,44360
Jyothi,Pai,865 Pepperwood Ct,Toledo,KY,44456
Neville,Burdon,183 Teak Drive,Des Moines,SC,44736
Scott,Gode,780 Palmetto Terrace,Augusta,ID,45304
Kazuki,Sawanoi,459 Yew St,San Francisco,ME,45477
Luca,Dellamore,31 Linden Loop,San Antonio,KY,45985
Susan,Burk,778 Oak Boulevard,Huntsville,KY,46028
Donald,Hetrick,842 Larch Cove,Waterloo,MI,46264
Marc,Faeber,735 Palo Verde Drive,Charlottesville,SD,46891
Ted,Bremer,108 Ironwood Terrace,Long Beach,WA,47063
Kevin,Casselman,626 Palo Verde Cove,Bloomington,ID,48313
Kevin,Casselman,626 Palo Verde Cove,Bloomington,ID,48313
Nuno,Farinha,483 Larch Ln,New Castle,RI,48441
Ari,Bixhorn,183 Juniper Avenue,Cedar Rapids,MI,48668
Mark,Hassall,768 Balsa Street,Stamford,AL,49184
Sean,Purcell,116 Rosewood Way,Toledo,MT,49437
Vidur,Luthra,408 Palm Terrace,Binghamton,NC,50256
Laura,Owen,578 Mangrove Rd,Salina,WY,50511
Carlos,Carvallo,412 Spruce Boulevard,Watertown,KY,51700
Wolfgang,Peterson,855 Hazel Terrace,Binghamton,AL,52058
Michelle,Alexander,716 Mangrove Rd,Albuquerque,MN,52101
Sean,Alexander,716 Mangrove Rd,Albuquerque,MN,52101
Peter,Houston,235 Redbud Circle,Albuquerque,MD,53089
James,Hendergart,962 Cypress Terrace,Long Beach,TN,53417
Bradley,Beck,750 Maple Cove,Springfield,TN,54087
Fukiko,Ogisu,834 Palo Verde Loop,Tacoma,FL,54852
Scott,MacDonald,305 Ironwood Lane,Memphis,IA,55085
Arthur,Yasinski,638 Yucca Bay,Rock Springs,WA,55993
Zheng,Mu,663 Box Way,Asheville,NM,56033
Sebastien,Motte,256 Wattle Boulevard,Zanesville,MT,56787
Aaron,Con,603 Larch Court,Fayetteville,HI,56877
Keith,Harris,777 Pepperwood Way,Cedar Rapids,MD,57661
Gretchen,Rivas,39 Buckeye St,Cincinnati,MD,57973
Barbara,Moreland,648 Hazel Road,Gainesville,MT,58248
David,Ahs,699 Fir Cove,Sacramento,TN,58292
Erin,Hagens,172 Beech Blvd,El Paso,IA,58555
Alexander,Eggerer,142 Hazel Ave,Phoenix,DE,58570
Kevin,Browne,202 Linden Ln,Salina,NC,58772
Richard,Lum,443 Madrone Rd,Des Moines,GA,58841
Alexandra,Tihlarikova,524 Pine Ave,Montgomery,ID,59321
Jun,Cao,970 Ash Blvd,Evansville,NY,59736
Linda,Randall,443 Hawthorn Rd,Huntington,WA,59781
Randall,Boseman,240 Gum St,Somerset,NY,60257
Matthew,Cavallari,384 Wattle Bay,Charlotte,RI,60568
Christof,Sprenger,71 Boxwood Ln,Binghamton,KY,60743
Tina,Gorenc,237 Hazel Drive,Columbia,LA,61002
Aaron,Lee,637 Willow Drive,Birmingham,MO,61247
Stephanie,Bourne,249 Pine Terrace,Reading,NC,61385
Salman,Mughal,655 Mahogany Bend,Indianapolis,MI,61395
Guy,Gilbert,685 Fir Blvd,Knoxville,IA,61690
Erik,Ismert,667 Boxwood Court,Raleigh,OK,61888
Terry,Crayton,582 Bay Terrace,San Bernardino,AR,62259
Bjorn,Rettig,180 Sumac Terrace,Columbia,SD,62501
Saskia,Gnielka,233 Linden Cove,Lincoln,ND,62836
Eran,Shtiegman,740 Mahogany St,Meridian,NC,63111
Kevin,Wright,454 Hawthorn Blvd,Shreveport,NV,63111
Lynn,Tsoflias,886 Boxwood Bend,Evansville,ME,63117
Marin,Bezio,408 Cypress St,Binghamton,NY,63202
Mojca,Gostincar,304 Boxwood Terrace,Topeka,NC,63242
Annelie,Zuber,972 Wattle Rd,Charlotte,MI,64265
Barry,Potter,691 Gum Bay,San Antonio,MS,64737
Joe,Healy,565 Hazel Way,Los Angeles,RI,65061
Kenneth,Malcolmson,828 Sycamore Cove,San Diego,PA,65303
Markus,Zulechner,366 Acacia Cove,Albany,MD,65853
Dave,Barnett,888 Hazel Court,Cedar Rapids,MO,67393
David,Galvin,925 Willow Boulevard,Reading,VT,67395
Michiko,Osada,851 Mahogany Way,Toledo,WI,68355
Raman,Iyer,342 Rosewood Rd,Rock Springs,NM,68388
Andreas,Berglund,897 Fir Way,Syracuse,MN,68751
Masaki,Umeda,461 Yucca Boulevard,Paterson,WA,68757
Jenny,Lysaker,702 Mesquite Court,Portsmouth,MD,69188
Randy,Reeves,456 Palmetto Ln,Portland,AR,69230
Jack,Creasey,266 Mahogany Boulevard,Quincy,WI,69340
Mark,Bebbington,122 Aspen Lane,Mansfield,MI,69555
Jonathan,Haas,614 Hickory Rd,Gainesville,OH,69817
Jo,Berry,464 Box Terrace,Harrisburg,CT,69875
Darrell,Meisner,471 Mahogany St,Denver,MT,69932
Gary,Yukish,982 Juniper Circle,Mobile,NJ,70675
Markus,Rankenburg,339 Wattle Ln,Phoenix,IN,70958
Imtiaz,Khan,752 Pepperwood Court,Clarksburg,ME,71714
Taylor,Maxwell,191 Pepperwood Street,Montgomery,DE,72688
Connie,Vrettos,768 Hawthorn Boulevard,Albuquerque,ME,72798
Annik,Stahl,113 Bay Circle,Midland,OR,72963
Anne,Wallace,486 Hickory Bend,Syracuse,OK,73198
Anna,Lidman,534 Crabwood Court,Montgomery,AZ,73359
Martin,O’Donnell,590 Redwood Street,Cincinnati,TX,73521
Kirk,Nason,394 Mahogany Ln,Milwaukee,HI,73558
Mike,Seamans,504 Boxwood St,Asheville,MS,73819
Kenneth,Ledyard Jr.,30 Gum Ln,Evansville,ID,74102
Jim,Scardelis,277 Sequoia Rd,Manchester,MI,74651
Peter,Sloth,991 Acacia Avenue,Rock Springs,FL,75000
Min,Su,506 Spruce St,Orlando,WV,75085
Joe,Worden,765 Pepperwood Dr,Charlotte,NV,75185
Kerim,Hanif,70 Buckeye Ct,North Bay,OK,75456
Craig,Playstead,550 Beech Loop,Johnstown,PA,76220
Ann,Beebe,863 Pine Way,Stockton,CO,76236
Mary,Baker,671 Conifer Cove,Charlotte,TN,76644
Sten,Faerch,410 Oak Blvd,Bangor,DE,76764
Jeremy,Nelson,525 Redwood Loop,Columbus,KS,77073
Blaine,Dockter,500 Spruce Circle,Boise,OH,77960
Adam,Carter,480 Juniper Boulevard,Monmouth,WI,78959
Parul,Manek,313 Buckeye Court,Texarkana,FL,79161
Marco,Tanara,768 Cypress Cove,North Houston,MT,79329
Jeff,Price,326 Ironwood Court,Williamsport,NM,79598
Paul,Shakespear,404 Fir Lane,Utica,KY,81542
Felhofer,Walter,346 Cypress Bay,San Juan,NH,81582
Paul,Koch,764 Mangrove Bend,Columbus,WI,82463
Jose Luis,Auricchio,82 Ash Boulevard,Boston,VT,83896
Daniel,Weisman,758 Wattle Bay,Bloomington,AK,84082
Houman,Pournasseh,792 Sycamore Rd,Mansfield,MD,84083
Mads,Nygaard,15 Pine Bay,Knoxville,HI,84089
Henrik,Jensen,502 Oak Ln,Midland,VT,84338
Venky,Krishnan,772 Cypress Way,Providence,SC,84833
Kenneth,Cools,267 Redbud Rd,Lubbock,NM,85219
Jörg,Bott,49 Maple Ct,Reading,OR,85276
Fadi,Fakhouri,350 Bay Avenue,Green Bay,VT,85403
Max,Stevens,481 Hawthorn Lane,Huntsville,IN,85449
Jeune,Ji,576 Hazel Blvd,Savannah,MI,85835
Michael,Pfeiffer,431 Teak Cove,Savannah,OH,86487
Walter,Weinfurter,64 Spruce Bay,Zanesville,MI,86649
Flemming,Nielsen,564 Rosewood St,Santa Barbara,NV,87379
Suchitra,Mohan,1 Willow Rd,Quincy,AK,87530
Bonnie,Kearney,730 Spruce St,Houston,SD,88569
Douglas,Groncki,367 Buckeye Circle,Syracuse,NY,88644
Samantha,Smith,55 Mangrove Rd,Santa Barbara,NY,88818
Sunil,Koduri,616 Yew Lane,Pittsburgh,OK,89137
Brian,Rasmussen,239 Hemlock St,Norfolk,SC,89372
Bernhard,Heger,749 Hawthorn Rd,Greensboro,MD,89474
Anil,Mathur,891 Oak Terrace,Nashville,IA,89748
Kari,Hensien,983 Mesquite Loop,Stamford,NV,89984
Mohammad,Chami,998 Aspen Lane,San Diego,TX,91058
Eric,Parkinson,978 Acacia Street,Chicago,OR,91086
Ingelise,Lang,944 Mahogany Cove,Indianapolis,CT,92016
Ralf,Riethmüller,880 Maple Court,Trenton,MS,92858
Debra,Hawley,22 Linden Ln,Norfolk,KS,93795
Neil,Charney,711 Willow Blvd,Tacoma,TN,94912
Gregory,Weber,934 Sycamore Rd,London,ID,95246
Shane,DeSeranno,752 Palo Verde Avenue,Jackson,MD,95478
Jonas,Brandel,68 Sumac Street,Rockford,NC,95751
Mark,Lee,46 Redbud Way,Mobile,NH,96105
Colin,Wilcox,9 Pine Bay,Scranton,FL,96252
Ebru,Ersan,56 Hazel Lane,Jackson,AR,96288
Ivo,Haemels,904 Palmetto Lane,Minneapolis,MT,96440
Jim,Stewart,899 Crabwood Dr,Austin,NE,96636
Andrew,Lan,133 Sycamore St,Reading,KS,96696
Bernard,Duerr,362 Hawthorn Ln,Montgomery,CT,96775
Jae,Pak,979 Sycamore Road,Greenville,NH,97239
Terri,Chudzik,331 Ironwood Ave,Savannah,TX,98067
Nikolay,Grachev,795 Palo Verde Ave,Asheville,AL,99216
Dick,Wenning,568 Juniper Road,Spokane,RI,99343
Sean,Chai,684 Conifer Circle,Billings,NJ,99372
Stephanie,Conroy,564 Spruce Ave,Orlando,DC,99494
Richard,Bready,900 Willow Boulevard,Worcester,AK,99849
Oliver,Cox,,,,
